{
    "Worsening": -1.7261141,
    "Improving": 0.258245277,
    "Goal Gain": 1.007650319,
    "Goal Approach": 1.086765623,
    "Goal Loss": 0.7730646814,
    "Goal Worse": -1.154453186,
    "Goal Better": -0.1251083934
}